img_name,leaf_weight,pixels
CASE01_01.png,49.193,19827
CASE01_02.png,59.764,23790
CASE01_03.png,72.209,28659
CASE01_04.png,85.737,33729
CASE01_05.png,102.537,38553
CASE01_06.png,123.359,45330
CASE01_07.png,156.149,52755
CASE01_08.png,174.931,63375
CASE01_09.png,187.523,68748
CASE02_01.png,194.662,74427
CASE02_02.png,198.366,76896
CASE02_03.png,196.788,78663
CASE02_04.png,197.342,78222
CASE02_05.png,200.202,78534
CASE02_06.png,201.48,79404
CASE02_07.png,197.409,80643
CASE02_08.png,185.996,80619
CASE02_09.png,165.73,79278
CASE02_10.png,153.971,76803
CASE02_11.png,142.744,71229
CASE03_01.png,11.337,4455
CASE03_02.png,15.728,5442
CASE03_03.png,21.492,7365
CASE03_04.png,27.091,10008
CASE03_05.png,32.278,12717
CASE04_01.png,57.147,21627
CASE04_02.png,73.89,26028
CASE04_03.png,90.729,32862
CASE04_04.png,110.563,39801
CASE04_05.png,129.551,48621
CASE04_06.png,156.908,53559
CASE04_07.png,194.027,62697
CASE04_08.png,225.75,73824
CASE04_09.png,247.918,83841
CASE04_10.png,269.766,91374
CASE04_11.png,280.068,94485
CASE04_12.png,283.626,96828
CASE04_13.png,286.22,98889
CASE04_14.png,295.744,99423
CASE04_15.png,289.846,102000
CASE04_16.png,287.79,101001
CASE04_17.png,297.819,100629
CASE04_18.png,304.211,102072
CASE04_19.png,307.767,103641
CASE04_20.png,308.377,104577
CASE04_21.png,309.886,104733
CASE04_22.png,315.078,105303
CASE04_23.png,308.265,105747
CASE04_24.png,315.785,105282
CASE04_25.png,325.093,106170
CASE04_26.png,322.216,107790
CASE04_27.png,329.69,107328
CASE05_01.png,1.472,954
CASE05_02.png,1.991,1143
CASE05_03.png,2.658,1305
CASE05_04.png,3.315,1683
CASE05_05.png,4.253,1986
CASE05_06.png,5.318,2313
CASE05_07.png,6.035,2841
CASE05_08.png,6.942,3153
CASE05_09.png,9.218,4014
CASE05_10.png,13.001,5199
CASE05_11.png,16.668,7068
CASE05_12.png,21.961,8943
CASE05_13.png,27.872,11985
CASE05_14.png,35.142,15171
CASE05_15.png,41.602,18426
CASE05_16.png,48.623,21933
CASE05_17.png,58.904,25737
CASE05_18.png,69.522,30465
CASE05_19.png,85.606,35610
CASE05_20.png,94.048,41652
CASE05_21.png,56.841,45744
CASE05_22.png,99.48,37977
CASE05_23.png,82.743,48009
CASE06_01.jpg,0.118,855
CASE06_02.jpg,0.5,1068
CASE06_03.jpg,0.971,1122
CASE06_04.jpg,1.371,1218
CASE06_05.jpg,1.395,1359
CASE06_06.jpg,1.956,1563
CASE06_07.jpg,2.283,1473
CASE06_08.jpg,4.698,2439
CASE06_09.jpg,7.327,2961
CASE06_10.jpg,10.241,5643
CASE06_11.jpg,15.189,7911
CASE07_01.jpg,165.769,57408
CASE07_02.jpg,213.404,71238
CASE07_03.jpg,262.77,82317
CASE07_04.jpg,321.295,94911
CASE07_05.jpg,333.104,107070
CASE07_06.jpg,429.758,116727
CASE07_07.jpg,395.947,129888
CASE07_08.jpg,358.881,131565
CASE07_09.jpg,426.32,130809
CASE08_01.jpg,0.486,807
CASE08_02.jpg,0.869,1533
CASE08_03.jpg,1.273,1596
CASE08_04.jpg,1.748,990
CASE08_05.jpg,2.36,1179
CASE08_06.jpg,3.329,2295
CASE08_07.jpg,4.571,1929
CASE08_08.jpg,6.537,3648
CASE08_09.jpg,9.419,3933
CASE08_10.jpg,14.134,6789
CASE08_11.jpg,19.147,8220
CASE09_01.jpg,232.012,74586
CASE09_02.jpg,247.298,86529
CASE09_03.jpg,263.449,99060
CASE09_04.jpg,300.823,110097
CASE09_05.jpg,361.841,119247
CASE09_06.jpg,412.072,126873
CASE09_07.jpg,425.715,136950
CASE09_08.jpg,384.333,140661
CASE09_09.jpg,481.375,143379
CASE10_01.png,0.033,717
CASE10_02.png,0.059,714
CASE10_03.png,0.105,708
CASE10_04.png,0.121,711
CASE10_05.png,0.158,711
CASE10_06.png,0.512,735
CASE10_07.png,0.824,789
CASE10_08.png,1.324,912
CASE10_09.png,1.917,1119
CASE10_10.png,2.541,1329
CASE10_11.png,3.571,1611
CASE10_12.png,5.461,2169
CASE10_13.png,6.951,3030
CASE10_14.png,8.686,3717
CASE10_15.png,11.26,4569
CASE10_16.png,14.563,5931
CASE10_17.png,18.307,7458
CASE10_18.png,21.18,9516
CASE10_19.png,26.736,11034
CASE10_20.png,29.958,13659
CASE10_21.png,31.459,15495
CASE10_22.png,32.423,16359
CASE10_23.png,33.225,17046
CASE10_24.png,35.72,17331
CASE10_25.png,35.564,18768
CASE10_26.png,35.622,18861
CASE10_27.png,36.637,18855
CASE10_28.png,35.984,19314
CASE10_29.png,36.809,19248
CASE10_30.png,37.47,19320
CASE10_31.png,37.715,19602
CASE10_32.png,36.331,19812
CASE10_33.png,41.655,20019
CASE10_34.png,45.489,22071
CASE10_35.png,47.745,22974
CASE10_36.png,49.847,24654
CASE10_37.png,48.207,25494
CASE10_38.png,45.474,25491
CASE10_39.png,44.315,24903
CASE10_40.png,43.172,24735
CASE10_41.png,51.503,24540
CASE10_42.png,50.994,27849
CASE11_01.png,0.061,714
CASE11_02.png,0.03,717
CASE11_03.png,0.088,720
CASE11_04.png,0.113,711
CASE11_05.png,0.177,714
CASE11_06.png,0.403,735
CASE11_07.png,0.743,768
CASE11_08.png,1.238,861
CASE11_09.png,1.953,1098
CASE11_10.png,2.523,1359
CASE11_11.png,3.554,1659
CASE11_12.png,5.506,2184
CASE11_13.png,7.313,3117
CASE11_14.png,9.312,3921
CASE11_15.png,11.707,4956
CASE11_16.png,15.229,6105
CASE11_17.png,18.397,7887
CASE11_18.png,21.624,9438
CASE11_19.png,27.332,11508
CASE11_20.png,29.229,14082
CASE11_21.png,30.061,15243
CASE11_22.png,30.855,15450
CASE11_23.png,31.618,16317
CASE11_24.png,32.012,16743
CASE11_25.png,32.132,17148
CASE11_26.png,32.24,17412
CASE11_27.png,32.629,17748
CASE11_28.png,29.495,17943
CASE11_29.png,32.172,17142
CASE11_30.png,32.621,18261
CASE11_31.png,34.485,18714
CASE11_32.png,32.071,19359
CASE11_33.png,35.627,18957
CASE11_34.png,43.269,20013
CASE11_35.png,45.494,22914
CASE11_36.png,44.702,23862
CASE11_37.png,43.583,23928
CASE11_38.png,43.596,23925
CASE11_39.png,42.428,24420
CASE11_40.png,39.61,24165
CASE11_41.png,44.885,23211
CASE12_01.png,0.025,702
CASE12_02.png,0.085,705
CASE12_03.png,0.118,705
CASE12_04.png,0.184,711
CASE12_05.png,0.345,708
CASE12_06.png,0.745,735
CASE12_07.png,1.174,792
CASE12_08.png,1.703,930
CASE12_09.png,2.345,1083
CASE12_10.png,3.155,1347
CASE12_11.png,4.673,1803
CASE12_12.png,6.407,2406
CASE12_13.png,7.71,3294
CASE12_14.png,10.127,3930
CASE12_15.png,13.664,5112
CASE12_16.png,17.404,6921
CASE12_17.png,20.122,8712
CASE12_18.png,24.857,10095
CASE12_19.png,30.439,12678
CASE12_20.png,31.108,15225
CASE12_21.png,32.219,15807
CASE12_22.png,33.292,16389
CASE12_23.png,34.62,17136
CASE12_24.png,34.896,17724
CASE12_25.png,34.11,18069
CASE12_26.png,34.059,17868
CASE12_27.png,34.981,17751
CASE12_28.png,33.545,18063
CASE12_29.png,33.074,17700
CASE12_30.png,33.005,17916
CASE12_31.png,34.829,18180
CASE12_32.png,40.688,18879
CASE12_33.png,41.236,20904
CASE12_34.png,45.935,21588
CASE12_35.png,49.514,23181
CASE12_36.png,48.564,24885
CASE12_37.png,44.351,24657
CASE12_38.png,43.61,24288
CASE12_39.png,43.051,24087
CASE12_40.png,49.445,24243
CASE12_41.png,45.209,26019
CASE12_42.png,54.305,24579
CASE13_01.png,0.054,708
CASE13_02.png,0.094,705
CASE13_03.png,0.114,711
CASE13_04.png,0.158,699
CASE13_05.png,0.398,723
CASE13_06.png,0.816,750
CASE13_07.png,1.322,825
CASE13_08.png,1.764,963
CASE13_09.png,2.447,1113
CASE13_10.png,3.438,1431
CASE13_11.png,4.845,1956
CASE13_12.png,6.115,2517
CASE13_13.png,7.526,3108
CASE13_14.png,11.148,3813
CASE13_15.png,14.451,5739
CASE13_16.png,17.62,7308
CASE13_17.png,20.535,8718
CASE13_18.png,24.972,10347
CASE13_19.png,30.506,12540
CASE13_20.png,32.046,15228
CASE13_21.png,33.408,16164
CASE13_22.png,34.894,16947
CASE13_23.png,35.414,17712
CASE13_24.png,35.412,17991
CASE13_25.png,35.449,18054
CASE13_26.png,35.835,18381
CASE13_27.png,36.723,18357
CASE13_28.png,35.567,18714
CASE13_29.png,36.409,18405
CASE13_30.png,35.042,18915
CASE13_31.png,35.661,18687
CASE13_32.png,46.389,19035
CASE13_33.png,43.961,23169
CASE13_34.png,47.125,22467
CASE13_35.png,50.563,23673
CASE13_36.png,48.271,25173
CASE13_37.png,44.942,24186
CASE13_38.png,43.354,24456
CASE13_39.png,43.78,24201
CASE13_40.png,55.091,23751
CASE13_41.png,47.719,28185
CASE14_01.png,0.064,705
CASE14_02.png,0.13,711
CASE14_03.png,0.112,711
CASE14_04.png,0.186,711
CASE14_05.png,0.48,720
CASE14_06.png,0.916,759
CASE14_07.png,1.402,864
CASE14_08.png,1.843,1020
CASE14_09.png,2.657,1197
CASE14_10.png,3.694,1620
CASE14_11.png,5.254,2085
CASE14_12.png,6.507,2733
CASE14_13.png,7.841,3327
CASE14_14.png,11.408,3930
CASE14_15.png,15.042,5856
CASE14_16.png,17.422,7581
CASE14_17.png,20.628,8703
CASE14_18.png,26.108,10434
CASE14_19.png,30.5,13209
CASE14_20.png,31.94,15303
CASE14_21.png,33.144,16197
CASE14_22.png,34.862,16935
CASE14_23.png,35.509,17793
CASE14_24.png,35.496,18135
CASE14_25.png,36.463,18138
CASE14_26.png,36.701,18807
CASE14_27.png,36.453,18801
CASE14_28.png,36.607,18816
CASE14_29.png,37.23,18927
CASE14_30.png,37.076,19179
CASE14_31.png,36.12,19278
CASE14_32.png,45.993,19404
CASE14_33.png,45.472,23277
CASE14_34.png,48.1,22977
CASE14_35.png,50.014,24258
CASE14_36.png,48.375,24837
CASE14_37.png,44.659,25119
CASE14_38.png,43.648,24447
CASE14_39.png,45.44,24282
CASE14_40.png,54.657,24327
CASE14_41.png,50.008,28503
CASE15_01.jpg,0.23,504
CASE15_02.jpg,0.522,471
CASE15_03.jpg,1.093,618
CASE15_04.jpg,1.562,705
CASE15_05.jpg,1.752,1041
CASE15_06.jpg,1.905,1299
CASE15_07.jpg,2.161,1629
CASE15_08.jpg,2.778,2004
CASE15_09.jpg,5.591,2511
CASE15_10.jpg,6.237,3873
CASE15_11.jpg,14.143,5655
CASE16_01.jpg,97.759,54246
CASE16_02.jpg,119.077,65379
CASE16_03.jpg,129.69,75522
CASE16_04.jpg,204.469,85494
CASE17_01.jpg,295.346,111828
CASE17_02.jpg,288.597,120528
CASE17_03.jpg,389.307,128196
CASE18_01.jpg,0.668,1008
CASE18_02.jpg,1.031,1128
CASE18_03.jpg,1.373,1251
CASE18_04.jpg,1.627,1365
CASE18_05.jpg,1.481,1560
CASE18_06.jpg,2.127,1902
CASE18_07.jpg,3.158,2460
CASE18_08.jpg,4.222,3423
CASE18_09.jpg,6.223,4989
CASE18_10.jpg,10.218,7143
CASE18_11.jpg,14.736,11412
CASE19_01.jpg,0.026,978
CASE19_02.jpg,0.29,981
CASE19_03.jpg,0.578,990
CASE19_04.jpg,0.747,1050
CASE19_05.jpg,0.621,1176
CASE20_01.jpg,1.01,1314
CASE20_02.jpg,1.399,1296
CASE20_03.jpg,1.91,1410
CASE20_04.jpg,2.991,1785
CASE20_05.jpg,3.811,2175
CASE20_06.jpg,5.259,2580
CASE20_07.jpg,6.911,3312
CASE20_08.jpg,9.561,4263
CASE20_09.jpg,13.555,5823
CASE20_10.jpg,18.565,7905
CASE20_11.jpg,24.119,10173
CASE20_12.jpg,31.588,12783
CASE21_01.jpg,141.114,54828
CASE21_02.jpg,156.857,59595
CASE21_03.jpg,176.14,65718
CASE21_04.jpg,193.083,71073
CASE21_05.jpg,200.547,76197
CASE21_06.jpg,210.017,78717
CASE21_07.jpg,236.414,81777
CASE21_08.jpg,252.707,87702
CASE22_01.jpg,0.335,810
CASE22_02.jpg,0.839,756
CASE22_03.jpg,1.346,792
CASE22_04.jpg,0.781,858
CASE22_05.jpg,0.358,939
CASE22_06.jpg,0.919,822
CASE22_07.jpg,1.385,1155
CASE22_08.jpg,2.462,1728
CASE22_09.jpg,3.186,3609
CASE22_10.jpg,4.29,4341
CASE22_11.jpg,6.484,8607
CASE23_01.jpg,51.392,67992
CASE23_02.jpg,61.783,76770
CASE23_03.jpg,123.205,87612
CASE23_04.jpg,169.785,99918
CASE23_05.jpg,192.064,110862
CASE23_06.jpg,180.948,121521
CASE23_07.jpg,182.016,128070
CASE23_08.jpg,178.35,130824
CASE23_09.jpg,207.206,131766
CASE24_01.png,13.287,5502
CASE24_02.png,16.329,7215
CASE24_03.png,22.746,8892
CASE24_04.png,30.274,11862
CASE24_05.png,40.434,15342
CASE24_06.png,50.631,20091
CASE24_07.png,62.844,24360
CASE24_08.png,79.966,29703
CASE24_09.png,100.101,36519
CASE25_01.png,157.091,58266
CASE25_02.png,179.448,63411
CASE25_03.png,201.426,70896
CASE25_04.png,215.627,77226
CASE25_05.png,223.54,81465
CASE25_06.png,230.811,83352
CASE25_07.png,238.371,84999
CASE25_08.png,244.485,88131
CASE25_09.png,248.406,89946
CASE25_10.png,248.822,91173
CASE25_11.png,255.141,91104
CASE25_12.png,255.794,93168
CASE25_13.png,254.067,93246
CASE25_14.png,254.35,93000
CASE25_15.png,251.424,93399
CASE25_16.png,249.873,92700
CASE25_17.png,249.311,93729
CASE25_18.png,250.275,93369
CASE25_19.png,248.163,94026
CASE25_20.png,241.791,94335
CASE26_01.png,0.368,723
CASE26_02.png,1.007,747
CASE26_03.png,1.553,843
CASE26_04.png,2.115,1044
CASE26_05.png,2.719,1320
CASE26_06.png,3.356,1689
CASE26_07.png,4.093,2022
CASE26_08.png,5.132,2403
CASE26_09.png,6.736,3024
CASE26_10.png,8.82,3897
CASE26_11.png,11.084,4830
CASE26_12.png,12.978,5997
CASE26_13.png,18.471,7200
CASE26_14.png,25.13,10008
CASE26_15.png,32.179,13488
CASE26_16.png,43.948,16824
CASE26_17.png,57.869,22371
CASE26_18.png,67.104,28449
CASE26_19.png,72.545,31965
CASE26_20.png,76.408,34677
CASE26_21.png,81.113,36435
CASE26_22.png,84.111,38337
CASE26_23.png,86.607,39705
CASE26_24.png,86.497,40761
CASE26_25.png,87.443,41151
CASE26_26.png,86.65,41439
CASE26_27.png,86.594,41112
CASE26_28.png,88.088,41181
CASE26_29.png,87.199,41880
CASE26_30.png,76.068,41775
CASE26_31.png,77.616,38187
CASE26_32.png,75.398,39093
CASE26_33.png,72.517,39078
CASE26_34.png,66.635,38499
CASE26_35.png,59.524,37566
CASE26_36.png,53.517,35634
CASE26_37.png,51.655,34665
CASE26_38.png,48.308,33660
CASE26_39.png,42.6,33411
CASE26_40.png,38.751,32334
CASE26_41.png,35.57,31302
CASE26_42.png,38.381,30012
CASE26_43.png,38.039,28911
CASE26_44.png,33.471,28884
CASE26_45.png,24.074,28728
CASE26_46.png,25.447,28395
CASE26_47.png,33.994,27924
CASE27_01.jpg,0.0,1167
CASE27_02.jpg,0.148,1134
CASE27_03.jpg,0.514,1092
CASE27_04.jpg,0.865,1128
CASE27_05.jpg,1.252,1248
CASE28_01.jpg,2.46,1476
CASE28_02.jpg,2.89,1677
CASE28_03.jpg,3.5,1899
CASE28_04.jpg,4.162,2262
CASE28_05.jpg,5.096,2496
CASE28_06.jpg,7.069,2910
CASE28_07.jpg,9.059,3924
CASE28_08.jpg,11.866,5064
CASE28_09.jpg,16.227,6570
CASE28_10.jpg,23.388,8463
CASE29_01.jpg,247.113,82998
CASE29_02.jpg,281.176,90057
CASE29_03.jpg,308.232,97257
CASE29_04.jpg,326.903,103389
CASE29_05.jpg,325.804,106890
CASE29_06.jpg,343.533,109074
CASE29_07.jpg,385.872,112020
CASE29_08.jpg,418.81,119070
CASE30_01.jpg,0.0,900
CASE30_02.jpg,0.39,837
CASE30_03.jpg,0.856,918
CASE30_04.jpg,1.361,1146
CASE30_05.jpg,1.748,1101
CASE30_06.jpg,2.249,1290
CASE30_07.jpg,3.368,1686
CASE30_08.jpg,5.498,2700
CASE30_09.jpg,7.606,4098
CASE30_10.jpg,11.277,5103
CASE30_11.jpg,14.305,8445
CASE31_01.jpg,171.552,60867
CASE31_02.jpg,202.0,72891
CASE31_03.jpg,244.189,86754
CASE31_04.jpg,287.766,97911
CASE31_05.jpg,302.834,104526
CASE31_06.jpg,283.914,111141
CASE31_07.jpg,295.089,118986
CASE31_08.jpg,366.397,122775
CASE31_09.jpg,401.508,127572
CASE32_01.png,3.474,1116
CASE32_02.png,4.492,1854
CASE32_03.png,4.916,2388
CASE32_04.png,7.164,1884
CASE32_05.png,9.35,3678
CASE32_06.png,11.129,4704
CASE32_07.png,15.833,5259
CASE32_08.png,19.783,8169
CASE32_09.png,23.522,9426
CASE32_10.png,28.08,11796
CASE32_11.png,36.983,13470
CASE32_12.png,50.006,17655
CASE32_13.png,61.429,23490
CASE32_14.png,75.914,28305
CASE32_15.png,92.34,34212
CASE32_16.png,110.591,40686
CASE32_17.png,135.158,46941
CASE32_18.png,162.196,55818
CASE32_19.png,195.631,64578
CASE32_20.png,223.183,75105
CASE32_21.png,274.062,83865
CASE32_22.png,307.825,97209
CASE32_23.png,354.888,105459
CASE32_24.png,401.315,114702
CASE32_25.png,421.914,123213
CASE32_26.png,461.639,129171
CASE33_01.png,3.566,1497
CASE33_02.png,4.488,1884
CASE33_03.png,6.098,2256
CASE33_04.png,7.991,3039
CASE33_05.png,9.869,3855
CASE33_06.png,13.459,4851
CASE33_07.png,17.159,6579
CASE33_08.png,20.304,7932
CASE33_09.png,23.522,10164
CASE33_10.png,31.675,11613
CASE33_11.png,42.732,15111
CASE33_12.png,54.322,20616
CASE33_13.png,67.612,25323
CASE33_14.png,82.465,30801
CASE33_15.png,96.184,37143
CASE33_16.png,117.433,42579
CASE33_17.png,146.168,49392
CASE33_18.png,169.989,60048
CASE33_19.png,207.332,67806
CASE33_20.png,238.963,78615
CASE33_21.png,286.059,87915
CASE33_22.png,309.098,100386
CASE33_23.png,373.371,104745
CASE33_24.png,393.46,118083
CASE33_25.png,439.67,126267
CASE34_01.png,0.217,711
CASE34_02.png,0.745,714
CASE34_03.png,1.633,723
CASE34_04.png,1.946,1017
CASE34_05.png,2.478,990
CASE34_06.png,3.366,1239
CASE34_07.png,4.529,1695
CASE34_08.png,6.915,2289
CASE34_09.png,8.787,3339
CASE34_10.png,12.163,4266
CASE34_11.png,16.583,6111
CASE34_12.png,22.548,8127
CASE34_13.png,31.166,10896
CASE34_14.png,42.786,14988
CASE34_15.png,52.281,20514
CASE34_16.png,68.646,24807
CASE34_17.png,88.734,31656
CASE34_18.png,113.831,39999
CASE34_19.png,136.669,48921
CASE34_20.png,171.917,56703
CASE34_21.png,202.168,68412
CASE34_22.png,236.013,78129
CASE34_23.png,275.752,87528
CASE34_24.png,336.514,97770
CASE34_25.png,372.455,110301
CASE34_26.png,378.326,117774
CASE34_27.png,444.465,118464
CASE35_01.png,0.348,720
CASE35_02.png,1.157,753
CASE35_03.png,1.974,921
CASE35_04.png,2.575,1128
CASE35_05.png,3.119,1080
CASE35_06.png,4.434,1632
CASE35_07.png,6.013,2364
CASE35_08.png,8.432,3081
CASE35_09.png,11.703,4302
CASE35_10.png,15.088,5523
CASE35_11.png,20.885,7494
CASE35_12.png,28.298,10137
CASE35_13.png,38.251,13560
CASE35_14.png,49.132,18147
CASE35_15.png,63.277,23385
CASE35_16.png,83.856,29454
CASE35_17.png,106.12,37905
CASE35_18.png,133.164,46275
CASE35_19.png,160.963,55488
CASE35_20.png,190.768,65043
CASE35_21.png,230.77,74145
CASE35_22.png,277.233,86418
CASE35_23.png,327.57,98787
CASE35_24.png,376.46,108615
CASE35_25.png,393.269,118380
CASE35_26.png,433.624,122322
CASE35_27.png,469.019,128859
CASE36_01.png,0.0,756
CASE36_02.png,0.351,762
CASE36_03.png,0.882,798
CASE36_04.png,1.049,972
CASE36_05.png,1.892,984
CASE36_06.png,2.633,1257
CASE36_07.png,4.176,1698
CASE36_08.png,7.259,2283
CASE36_09.png,8.982,3372
CASE36_10.png,10.825,4125
CASE36_11.png,14.491,5085
CASE36_12.png,18.533,6912
CASE36_13.png,24.864,9072
CASE36_14.png,32.697,12054
CASE36_15.png,42.302,15957
CASE36_16.png,57.233,20223
CASE36_17.png,72.754,26613
CASE36_18.png,91.52,33507
CASE36_19.png,119.261,41190
CASE36_20.png,151.731,51057
CASE36_21.png,176.502,61731
CASE36_22.png,214.4,70086
CASE36_23.png,252.328,82011
CASE36_24.png,284.909,91329
CASE36_25.png,320.89,99015
CASE36_26.png,344.99,106536
CASE36_27.png,352.687,111795
CASE37_01.png,0.078,765
CASE37_02.png,0.807,774
CASE37_03.png,1.37,894
CASE37_04.png,1.705,1092
CASE37_05.png,2.697,1317
CASE37_06.png,5.36,1719
CASE37_07.png,6.993,2292
CASE37_08.png,8.88,3147
CASE37_09.png,10.594,4101
CASE37_10.png,13.465,4869
CASE37_11.png,18.122,6372
CASE37_12.png,23.059,8637
CASE37_13.png,32.183,10908
CASE37_14.png,39.392,15306
CASE37_15.png,52.586,18591
CASE37_16.png,70.208,24273
CASE37_17.png,85.923,31617
CASE37_18.png,111.158,38337
CASE37_19.png,141.097,47670
CASE37_20.png,169.117,57720
CASE37_21.png,202.979,67083
CASE37_22.png,253.528,77655
CASE37_23.png,276.781,91320
CASE37_24.png,311.464,97461
CASE37_25.png,337.108,104406
CASE37_26.png,356.505,111522
CASE37_27.png,360.081,116121
CASE38_01.png,0.0,810
CASE38_02.png,0.627,798
CASE38_03.png,0.827,861
CASE38_04.png,1.025,999
CASE38_05.png,1.691,1050
CASE38_06.png,2.065,1329
CASE38_07.png,2.905,1554
CASE38_08.png,3.451,1932
CASE38_09.png,4.399,2238
CASE38_10.png,6.004,2541
CASE38_11.png,7.311,3297
CASE38_12.png,8.697,4065
CASE38_13.png,14.228,4938
CASE38_14.png,18.332,6831
CASE38_15.png,20.891,8859
CASE38_16.png,24.811,10770
CASE38_17.png,36.064,12549
CASE38_18.png,43.342,17178
CASE38_19.png,53.242,20358
CASE38_20.png,68.439,24483
CASE38_21.png,86.683,30678
CASE38_22.png,105.666,38301
CASE38_23.png,125.237,45393
CASE38_24.png,154.797,52050
CASE38_25.png,177.92,62376
CASE38_26.png,225.725,69864
CASE38_27.png,260.569,83319
CASE38_28.png,275.311,92727
CASE39_01.png,0.061,771
CASE39_02.png,0.729,825
CASE39_03.png,0.843,900
CASE39_04.png,1.655,1026
CASE39_05.png,2.037,1080
CASE39_06.png,2.564,1524
CASE39_07.png,3.136,1839
CASE39_08.png,4.158,2079
CASE39_09.png,5.176,2541
CASE39_10.png,6.58,3018
CASE39_11.png,8.086,3687
CASE39_12.png,10.397,4635
CASE39_13.png,13.741,5496
CASE39_14.png,18.058,7266
CASE39_15.png,26.419,9474
CASE39_16.png,32.706,12705
CASE39_17.png,40.363,15891
CASE39_18.png,50.034,18963
CASE39_19.png,64.913,22803
CASE39_20.png,82.773,29337
CASE39_21.png,101.224,36288
CASE39_22.png,118.941,43890
CASE39_23.png,140.452,50058
CASE39_24.png,173.307,57555
CASE39_25.png,217.023,67788
CASE39_26.png,254.833,80463
CASE39_27.png,272.898,91083
CASE39_28.png,302.911,95778
CASE40_01.png,0.093,747
CASE40_02.png,0.357,747
CASE40_03.png,0.637,768
CASE40_04.png,0.884,876
CASE40_05.png,1.8,951
CASE40_06.png,2.285,1074
CASE40_07.png,2.927,1365
CASE40_08.png,4.236,1608
CASE40_09.png,6.351,2160
CASE40_10.png,8.544,3006
CASE40_11.png,11.539,4125
CASE40_12.png,16.548,5949
CASE40_13.png,19.796,8244
CASE40_14.png,29.371,10122
CASE40_15.png,36.685,14331
CASE40_16.png,47.871,18195
CASE40_17.png,61.067,23541
CASE40_18.png,76.092,29340
CASE40_19.png,98.23,35616
CASE40_20.png,113.544,43476
CASE40_21.png,137.349,49788
CASE40_22.png,160.947,57750
CASE40_23.png,204.192,66378
CASE40_24.png,253.593,78738
CASE40_25.png,271.787,91746
CASE40_26.png,310.704,96780
CASE40_27.png,337.736,105888
CASE41_01.png,0.24,747
CASE41_02.png,0.61,756
CASE41_03.png,0.871,807
CASE41_04.png,1.557,936
CASE41_05.png,2.391,1140
CASE41_06.png,2.977,1320
CASE41_07.png,4.088,1665
CASE41_08.png,5.977,2301
CASE41_09.png,8.193,3003
CASE41_10.png,11.181,4137
CASE41_11.png,16.232,5475
CASE41_12.png,21.481,7869
CASE41_13.png,27.728,10275
CASE41_14.png,35.671,13317
CASE41_15.png,45.779,16998
CASE41_16.png,60.008,21936
CASE41_17.png,74.575,27957
CASE41_18.png,92.388,34017
CASE41_19.png,112.668,40926
CASE41_20.png,130.217,48093
CASE41_21.png,159.44,54423
CASE41_22.png,199.63,64188
CASE41_23.png,230.42,76731
CASE41_24.png,270.83,85767
CASE41_25.png,298.564,95943
CASE41_26.png,336.041,102411
CASE41_27.png,360.455,110940
CASE42_01.png,1.389,843
CASE42_02.png,1.141,1011
CASE42_03.png,1.679,984
CASE42_04.png,2.952,1065
CASE42_05.png,4.028,1572
CASE42_06.png,5.039,2004
CASE42_07.png,6.294,2283
CASE42_08.png,7.851,2787
CASE42_09.png,9.367,3450
CASE42_10.png,12.014,4242
CASE42_11.png,14.431,5013
CASE42_12.png,16.38,6387
CASE42_13.png,20.382,7296
CASE42_14.png,23.302,8874
CASE42_15.png,30.619,10302
CASE42_16.png,35.093,13623
CASE42_17.png,40.411,15711
CASE42_18.png,43.244,18369
CASE42_19.png,55.415,20088
CASE42_20.png,69.398,24864
CASE42_21.png,83.918,31161
CASE42_22.png,106.825,38055
CASE42_23.png,127.014,46017
CASE42_24.png,160.211,53973
CASE42_25.png,184.96,64047
CASE42_26.png,232.326,72414
CASE42_27.png,272.065,85593
CASE42_28.png,290.788,96183
CASE43_01.png,1.629,981
CASE43_02.png,2.231,1077
CASE43_03.png,2.815,1194
CASE43_04.png,3.807,1443
CASE43_05.png,4.649,1983
CASE43_06.png,5.838,2082
CASE43_07.png,7.385,2694
CASE43_08.png,9.249,3348
CASE43_09.png,10.93,4239
CASE43_10.png,14.02,4983
CASE43_11.png,16.386,6231
CASE43_12.png,19.236,7335
CASE43_13.png,23.159,8445
CASE43_14.png,29.254,10410
CASE43_15.png,34.84,13038
CASE43_16.png,40.816,15468
CASE43_17.png,46.509,18318
CASE43_18.png,58.03,20514
CASE43_19.png,68.163,25071
CASE43_20.png,81.844,29814
CASE43_21.png,99.614,35328
CASE43_22.png,122.955,42780
CASE43_23.png,143.913,51177
CASE43_24.png,179.922,58551
CASE43_25.png,230.938,70287
CASE43_26.png,263.051,84915
CASE43_27.png,277.736,93888
CASE43_28.png,308.673,97506
CASE44_01.png,1.034,777
CASE44_02.png,1.798,768
CASE44_03.png,2.24,795
CASE44_04.png,2.565,918
CASE44_05.png,3.355,903
CASE44_06.png,4.421,1227
CASE44_07.png,5.134,1590
CASE44_08.png,7.576,2010
CASE44_09.png,8.389,3204
CASE44_10.png,11.947,3915
CASE44_11.png,14.664,5640
CASE44_12.png,21.572,7131
CASE44_13.png,25.334,10740
CASE44_14.png,35.283,13017
CASE44_15.png,46.658,18120
CASE44_16.png,64.996,23409
CASE44_17.png,85.187,30837
CASE44_18.png,100.771,38670
CASE44_19.png,121.05,45411
CASE44_20.png,151.283,52824
CASE44_21.png,181.646,62853
CASE44_22.png,220.446,72369
CASE44_23.png,263.397,83172
CASE44_24.png,309.385,94032
CASE44_25.png,350.523,105090
CASE44_26.png,359.838,115506
CASE44_27.png,370.07,115128
CASE45_01.png,1.27,774
CASE45_02.png,2.137,768
CASE45_03.png,2.931,837
CASE45_04.png,3.534,1020
CASE45_05.png,4.862,1242
CASE45_06.png,5.565,1803
CASE45_07.png,7.746,2115
CASE45_08.png,10.198,3027
CASE45_09.png,11.91,4239
CASE45_10.png,16.106,5304
CASE45_11.png,19.306,7407
CASE45_12.png,26.998,9969
CASE45_13.png,34.203,13035
CASE45_14.png,45.654,16725
CASE45_15.png,61.333,21099
CASE45_16.png,41.239,27837
CASE45_17.png,98.233,63219
CASE45_18.png,116.195,43566
CASE45_19.png,142.855,50337
CASE45_20.png,168.86,60357
CASE45_21.png,212.432,67935
CASE45_22.png,249.828,80169
CASE45_23.png,304.535,90420
CASE45_24.png,357.702,103059
CASE45_25.png,364.518,113982
CASE45_26.png,357.875,118140
CASE45_27.png,334.579,119154
CASE46_01.png,1.489,864
CASE46_02.png,2.717,1053
CASE46_03.png,3.857,1527
CASE46_04.png,5.222,1944
CASE46_05.png,7.422,2580
CASE46_06.png,9.319,3198
CASE46_07.png,11.812,4116
CASE46_08.png,14.825,5331
CASE46_09.png,18.405,6918
CASE46_10.png,24.189,8733
CASE46_11.png,31.241,11613
CASE46_12.png,43.005,15120
CASE46_13.png,56.758,20304
CASE46_14.png,71.147,26304
CASE47_01.png,125.765,46530
CASE47_02.png,150.61,52296
CASE47_03.png,180.559,60465
CASE47_04.png,199.059,69915
CASE47_05.png,211.385,75801
CASE47_06.png,220.357,79449
CASE47_07.png,224.515,81855
CASE47_08.png,227.271,83835
CASE47_09.png,229.43,84666
CASE47_10.png,230.316,85572
CASE47_11.png,236.228,86607
CASE48_01.png,234.509,88287
CASE48_02.png,231.219,88224
CASE49_01.png,0.059,732
CASE49_02.png,0.33,726
CASE49_03.png,1.046,732
CASE49_04.png,1.768,831
CASE49_05.png,2.687,1032
CASE49_06.png,4.283,1416
CASE49_07.png,6.28,2214
CASE49_08.png,8.245,2955
CASE49_09.png,10.742,3936
CASE49_10.png,13.162,5091
CASE49_11.png,17.273,6255
CASE49_12.png,21.517,8046
CASE49_13.png,28.062,10005
CASE49_14.png,35.146,13137
CASE49_15.png,41.477,16059
CASE49_16.png,45.842,18954
CASE49_17.png,48.929,20784
CASE49_18.png,47.988,22038
CASE49_19.png,49.721,21699
CASE49_20.png,51.066,22521
CASE49_21.png,50.67,23079
CASE49_22.png,53.516,22986
CASE49_23.png,56.192,24513
CASE49_24.png,57.665,25680
CASE49_25.png,59.518,26481
CASE49_26.png,60.599,27429
CASE49_27.png,61.358,28068
CASE49_28.png,63.529,28578
CASE49_29.png,65.199,29373
CASE49_30.png,66.225,29973
CASE49_31.png,69.165,30000
CASE49_32.png,70.232,31275
CASE49_33.png,68.305,31698
CASE49_34.png,69.554,31563
CASE49_35.png,72.017,32325
CASE49_36.png,73.147,33336
CASE49_37.png,74.549,33408
CASE49_38.png,74.015,33741
CASE50_01.png,0.152,804
CASE50_02.png,1.024,819
CASE50_03.png,0.783,933
CASE50_04.png,1.086,948
CASE50_05.png,1.665,1110
CASE50_06.png,2.174,1353
CASE50_07.png,2.637,1635
CASE50_08.png,3.762,1920
CASE50_09.png,4.918,2343
CASE50_10.png,6.367,2997
CASE50_11.png,7.64,3378
CASE50_12.png,8.572,4299
CASE50_13.png,12.48,4755
CASE50_14.png,16.644,6597
CASE50_15.png,21.881,8253
CASE50_16.png,26.947,10908
CASE50_17.png,30.686,12906
CASE50_18.png,35.432,15033
CASE50_19.png,40.723,17313
CASE50_20.png,50.393,20061
CASE50_21.png,60.21,23823
CASE50_22.png,72.274,28041
CASE50_23.png,86.97,32580
CASE50_24.png,100.123,38793
CASE50_25.png,113.281,43986
CASE50_26.png,144.931,49317
CASE50_27.png,164.29,59526
CASE50_28.png,183.74,65826
CASE51_01.png,0.297,786
CASE51_02.png,0.582,861
CASE51_03.png,1.003,945
CASE51_04.png,1.936,1074
CASE51_05.png,2.543,1320
CASE51_06.png,2.708,1551
CASE51_07.png,3.311,1866
CASE51_08.png,4.399,2271
CASE51_09.png,6.531,2787
CASE51_10.png,8.059,3447
CASE51_11.png,9.574,3921
CASE51_12.png,12.999,4791
CASE51_13.png,14.545,6618
CASE51_14.png,19.546,7878
CASE51_15.png,24.35,9756
CASE51_16.png,29.178,12030
CASE51_17.png,34.338,14466
CASE51_18.png,42.012,16848
CASE51_19.png,49.574,20004
CASE51_20.png,59.01,23277
CASE51_21.png,68.124,27390
CASE51_22.png,80.987,31035
CASE51_23.png,97.228,35787
CASE51_24.png,109.937,42555
CASE51_25.png,139.732,47433
CASE51_26.png,159.879,57537
CASE51_27.png,174.393,64257
CASE51_28.png,202.617,68085
CASE52_01.png,0.037,771
CASE52_02.png,0.563,771
CASE52_03.png,1.509,846
CASE52_04.png,2.185,1050
CASE52_05.png,3.996,1224
CASE52_06.png,4.994,1854
CASE52_07.png,6.304,2481
CASE52_08.png,8.371,2997
CASE52_09.png,12.129,4131
CASE52_10.png,15.238,6054
CASE52_11.png,19.266,8028
CASE52_12.png,27.784,10545
CASE52_13.png,35.639,14367
CASE52_14.png,50.571,18405
CASE52_15.png,61.099,25002
CASE52_16.png,80.258,29775
CASE52_17.png,101.087,37236
CASE52_18.png,118.189,45282
CASE52_19.png,134.438,51096
CASE52_20.png,151.72,57804
CASE52_21.png,176.071,63294
CASE52_22.png,205.099,70965
CASE52_23.png,224.083,78951
CASE52_24.png,267.625,84810
CASE52_25.png,319.349,96600
CASE52_26.png,332.087,106806
CASE52_27.png,364.701,110553
CASE53_01.png,0.154,750
CASE53_02.png,1.222,807
CASE53_03.png,2.185,930
CASE53_04.png,3.072,1152
CASE53_05.png,5.28,1494
CASE53_06.png,5.839,2496
CASE53_07.png,8.057,3015
CASE53_08.png,11.732,3966
CASE53_09.png,15.739,5601
CASE53_10.png,20.077,7818
CASE53_11.png,27.843,10140
CASE53_12.png,33.923,14046
CASE53_13.png,45.802,16893
CASE53_14.png,57.567,22269
CASE53_15.png,73.138,27483
CASE53_16.png,95.45,33900
CASE53_17.png,118.834,42471
CASE53_18.png,141.675,50943
CASE53_19.png,160.001,58737
CASE53_20.png,170.629,64806
CASE53_21.png,203.625,68328
CASE53_22.png,243.899,78132
CASE53_23.png,266.318,89175
CASE53_24.png,307.49,95823
CASE53_25.png,351.648,104781
CASE53_26.png,361.912,113901
CASE53_27.png,373.203,118527
CASE54_01.png,0.44,705
CASE54_02.png,0.715,696
CASE54_03.png,0.948,798
CASE54_04.png,1.529,858
CASE54_05.png,2.12,945
CASE54_06.png,2.52,1170
CASE54_07.png,3.21,1293
CASE54_08.png,3.85,1584
CASE54_09.png,5.073,1896
CASE54_10.png,5.863,2118
CASE54_11.png,7.296,2931
CASE54_12.png,8.988,3399
CASE54_13.png,11.885,4236
CASE54_14.png,14.457,5832
CASE54_15.png,20.583,6891
CASE54_16.png,25.733,10170
CASE54_17.png,29.37,12696
CASE54_18.png,34.807,14307
CASE54_19.png,42.927,16815
CASE54_20.png,50.596,20589
CASE54_21.png,61.876,23754
CASE54_22.png,75.553,28548
CASE54_23.png,90.425,34053
CASE54_24.png,104.852,39819
CASE54_25.png,120.076,45777
CASE54_26.png,156.819,51834
CASE54_27.png,177.689,63105
CASE54_28.png,187.18,70140
CASE55_01.png,0.618,681
CASE55_02.png,1.055,705
CASE55_03.png,1.273,783
CASE55_04.png,1.89,879
CASE55_05.png,2.515,1134
CASE55_06.png,3.147,1302
CASE55_07.png,3.985,1548
CASE55_08.png,4.76,1596
CASE55_09.png,5.832,1947
CASE55_10.png,7.212,2466
CASE55_11.png,8.297,3540
CASE55_12.png,11.203,4044
CASE55_13.png,13.761,5556
CASE55_14.png,17.781,6375
CASE55_15.png,23.557,8673
CASE55_16.png,29.042,11808
CASE55_17.png,32.799,14277
CASE55_18.png,39.313,15903
CASE55_19.png,48.334,18297
CASE55_20.png,58.008,22998
CASE55_21.png,70.404,26709
CASE55_22.png,83.589,31770
CASE55_23.png,100.073,37200
CASE55_24.png,119.721,43719
CASE55_25.png,145.874,50607
CASE55_26.png,173.524,59880
CASE55_27.png,186.284,67872
CASE55_28.png,201.571,72336
CASE56_01.png,0.149,666
CASE56_02.png,0.778,654
CASE56_03.png,1.0,663
CASE56_04.png,0.95,705
CASE56_05.png,1.285,735
CASE56_06.png,1.472,816
CASE56_07.png,1.894,909
CASE56_08.png,2.861,1089
CASE56_09.png,3.374,1389
CASE56_10.png,4.145,1806
CASE56_11.png,4.746,2391
CASE56_12.png,6.731,2970
CASE56_13.png,8.607,3783
CASE56_14.png,18.281,4809
CASE56_15.png,22.311,9303
CASE56_16.png,30.994,11754
CASE56_17.png,38.958,15666
CASE56_18.png,53.014,19560
CASE56_19.png,66.327,24489
CASE56_20.png,72.304,29730
CASE56_21.png,93.784,33255
CASE56_22.png,119.059,40569
CASE56_23.png,131.028,49875
CASE56_24.png,160.933,54465
CASE56_25.png,179.876,64431
CASE56_26.png,219.15,70977
CASE56_27.png,227.165,84771
CASE57_01.png,0.275,666
CASE57_02.png,1.155,663
CASE57_03.png,1.162,657
CASE57_04.png,1.406,756
CASE57_05.png,1.791,837
CASE57_06.png,2.05,969
CASE57_07.png,2.76,1110
CASE57_08.png,3.889,1431
CASE57_09.png,4.674,1770
CASE57_10.png,5.669,2238
CASE57_11.png,7.096,2958
CASE57_12.png,12.138,3813
CASE57_13.png,17.865,6357
CASE57_14.png,23.115,9084
CASE57_15.png,29.282,11556
CASE57_16.png,38.09,14727
CASE57_17.png,50.375,18321
CASE57_18.png,64.794,23367
CASE57_19.png,79.14,29181
CASE57_20.png,88.423,34824
CASE57_21.png,113.179,38307
CASE57_22.png,141.528,47409
CASE57_23.png,143.279,56997
CASE57_24.png,176.769,60405
CASE57_25.png,207.281,69948
CASE57_26.png,241.46,78129
CASE57_27.png,266.695,90612
CASE58_01.png,0.291,678
CASE58_02.png,0.875,705
CASE58_03.png,1.437,522
CASE58_04.png,1.813,675
CASE58_05.png,2.483,930
CASE58_06.png,3.719,1296
CASE58_07.png,4.985,1980
CASE58_08.png,7.0,2589
CASE58_09.png,8.732,3657
CASE58_10.png,10.727,4572
CASE58_11.png,13.95,5802
CASE58_12.png,17.931,7554
CASE58_13.png,23.123,9462
CASE58_14.png,32.079,12231
CASE58_15.png,42.731,16299
CASE58_16.png,53.559,21075
CASE58_17.png,69.067,25587
CASE58_18.png,90.919,32316
CASE58_19.png,115.96,41145
CASE58_20.png,141.866,50487
CASE58_21.png,167.456,58749
CASE58_22.png,183.925,66492
CASE58_23.png,200.585,71646
CASE58_24.png,214.632,77016
CASE58_25.png,222.381,81294
CASE58_26.png,227.741,83460
CASE58_27.png,229.616,85902
CASE58_28.png,227.606,87564
CASE58_29.png,233.216,86478
CASE58_30.png,233.949,88212
CASE58_31.png,237.722,90183
CASE58_32.png,235.496,90504
CASE58_33.png,231.617,89511
CASE59_01.png,0.291,678
CASE59_02.png,0.875,705
CASE59_03.png,1.437,522
CASE59_04.png,1.813,675
CASE59_05.png,2.483,930
CASE59_06.png,3.719,1296
CASE59_07.png,4.985,1980
CASE59_08.png,7.0,2589
CASE59_09.png,8.732,3657
CASE59_10.png,10.727,4572
CASE59_11.png,13.95,5802
CASE59_12.png,17.931,7554
CASE59_13.png,23.123,9462
CASE59_14.png,32.079,12231
CASE59_15.png,42.731,16299
CASE59_16.png,53.559,21075
CASE59_17.png,69.067,25587
CASE59_18.png,90.919,32316
CASE59_19.png,115.96,41145
CASE59_20.png,141.866,50487
CASE59_21.png,167.456,58749
CASE59_22.png,183.925,66492
CASE59_23.png,200.585,71646
CASE59_24.png,214.632,77016
CASE59_25.png,222.381,81294
CASE59_26.png,227.741,83460
CASE59_27.png,229.616,85902
CASE59_28.png,227.606,87564
CASE59_29.png,233.216,86478
CASE59_30.png,233.949,88212
CASE59_31.png,237.722,90183
CASE59_32.png,235.496,90504
CASE59_33.png,231.617,89511
CASE60_01.png,2.131,870
CASE60_02.png,3.186,1170
CASE60_03.png,4.52,1665
CASE60_04.png,6.477,2280
CASE60_05.png,8.971,3174
CASE60_06.png,11.719,4419
CASE60_07.png,16.36,5757
CASE60_08.png,22.644,8052
CASE60_09.png,29.876,10782
CASE60_10.png,36.052,14916
CASE60_11.png,39.444,18066
CASE60_12.png,42.369,19188
CASE60_13.png,43.104,20424
CASE60_14.png,42.753,20946
CASE60_15.png,42.212,21129
CASE60_16.png,36.899,20850
CASE60_17.png,38.633,18903
CASE60_18.png,39.758,19953
CASE60_19.png,40.358,21081
CASE60_20.png,39.911,21609
CASE60_21.png,39.742,21504
CASE60_22.png,38.521,21981
CASE60_23.png,35.483,22752
CASE60_24.png,30.554,21792
CASE60_25.png,27.781,21009
CASE60_26.png,26.545,21039
CASE60_27.png,22.951,19584
CASE60_28.png,20.863,18168
CASE60_29.png,18.516,17562
CASE60_30.png,18.501,16401
CASE60_31.png,17.354,16374
CASE60_32.png,15.119,13353
CASE60_33.png,14.802,13059
CASE60_34.png,12.495,13695
CASE61_01.png,1.001,738
CASE61_02.png,1.434,837
CASE61_03.png,1.378,1008
CASE61_04.png,2.198,1005
CASE61_05.png,2.502,1425
CASE61_06.png,3.375,1452
CASE61_07.png,4.224,2025
CASE61_08.png,5.529,2358
CASE61_09.png,7.128,3006
CASE61_10.png,7.922,3699
CASE61_11.png,9.737,3969
CASE61_12.png,12.335,4737
CASE61_13.png,15.796,6162
CASE61_14.png,19.505,7803
CASE61_15.png,25.151,10002
CASE61_16.png,30.886,12909
CASE61_17.png,37.746,15684
CASE61_18.png,44.097,18705
CASE61_19.png,54.752,21759
CASE61_20.png,68.473,26505
CASE61_21.png,79.222,32292
CASE61_22.png,94.746,36606
CASE61_23.png,109.827,42291
CASE61_24.png,126.692,47679
CASE61_25.png,146.71,53910
CASE61_26.png,177.901,60357
CASE61_27.png,196.837,70518
CASE61_28.png,204.018,75795
CASE62_01.png,1.059,780
CASE62_02.png,1.634,918
CASE62_03.png,1.999,1029
CASE62_04.png,2.427,1257
CASE62_05.png,3.371,1407
CASE62_06.png,4.015,1977
CASE62_07.png,4.789,2379
CASE62_08.png,6.183,2580
CASE62_09.png,7.46,3273
CASE62_10.png,9.175,3726
CASE62_11.png,11.405,4542
CASE62_12.png,15.18,5739
CASE62_13.png,17.299,7872
CASE62_14.png,22.003,8868
CASE62_15.png,29.117,11430
CASE62_16.png,34.167,14496
CASE62_17.png,42.386,17364
CASE62_18.png,51.009,20928
CASE62_19.png,63.471,24486
CASE62_20.png,75.222,29952
CASE62_21.png,90.699,34806
CASE62_22.png,103.826,41196
CASE62_23.png,121.073,45672
CASE62_24.png,140.776,51759
CASE62_25.png,169.959,58677
CASE62_26.png,193.448,67773
CASE62_27.png,205.564,75372
CASE62_28.png,203.578,79257
CASE63_01.png,0.633,705
CASE63_02.png,1.171,717
CASE63_03.png,1.553,834
CASE63_04.png,1.978,969
CASE63_05.png,2.686,1095
CASE63_06.png,3.482,1464
CASE63_07.png,4.785,1749
CASE63_08.png,5.818,2523
CASE63_09.png,7.823,2850
CASE63_10.png,10.086,3843
CASE63_11.png,13.43,4968
CASE63_12.png,19.597,6870
CASE63_13.png,26.837,9942
CASE63_14.png,39.052,13728
CASE63_15.png,50.586,19524
CASE63_16.png,65.435,24729
CASE63_17.png,80.252,30558
CASE63_18.png,105.498,37086
CASE63_19.png,131.931,46683
CASE63_20.png,166.209,55977
CASE63_21.png,182.148,67431
CASE63_22.png,203.338,72267
CASE63_23.png,214.077,77853
CASE63_24.png,249.624,81846
CASE64_01.png,0.804,702
CASE64_02.png,1.473,801
CASE64_03.png,2.013,885
CASE64_04.png,1.877,1164
CASE64_05.png,3.236,939
CASE64_06.png,4.001,1614
CASE64_07.png,5.759,1911
CASE64_08.png,7.504,2871
CASE64_09.png,9.409,3792
CASE64_10.png,12.614,4641
CASE64_11.png,17.463,6246
CASE64_12.png,25.164,8991
CASE64_13.png,35.12,12945
CASE64_14.png,44.441,17214
CASE64_15.png,58.898,22065
CASE64_16.png,74.584,28605
CASE64_17.png,96.262,35037
CASE64_18.png,125.066,42690
CASE64_19.png,151.75,53736
CASE64_20.png,176.689,62778
CASE64_21.png,202.012,69609
CASE64_22.png,219.052,77622
CASE64_23.png,230.769,82086
CASE65_01.png,274.313,102762
CASE65_02.png,324.452,97938
CASE66_01.png,298.036,99741
CASE67_01.png,1.652,1023
CASE67_02.png,2.089,1065
CASE67_03.png,1.986,1365
CASE67_04.png,3.002,1173
CASE67_05.png,3.863,1662
CASE67_06.png,4.91,2127
CASE67_07.png,6.24,2694
CASE67_08.png,7.332,3321
CASE67_09.png,8.806,3801
CASE67_10.png,11.106,4365
CASE67_11.png,13.052,5595
CASE67_12.png,15.382,6708
CASE67_13.png,19.995,7782
CASE67_14.png,23.454,10125
CASE67_15.png,29.242,11724
CASE67_16.png,35.084,14385
CASE67_17.png,41.499,17118
CASE67_18.png,48.152,20166
CASE67_19.png,56.159,23373
CASE67_20.png,69.652,26778
CASE67_21.png,83.924,32898
CASE67_22.png,107.044,38475
CASE67_23.png,127.865,47154
CASE67_24.png,154.809,54777
CASE67_25.png,185.538,63978
CASE67_26.png,231.492,73299
CASE67_27.png,270.296,86301
CASE67_28.png,302.396,95178
CASE68_01.png,1.736,1023
CASE68_02.png,2.372,1143
CASE68_03.png,2.802,1395
CASE68_04.png,3.73,1536
CASE68_05.png,4.531,1911
CASE68_06.png,5.751,2274
CASE68_07.png,7.149,3030
CASE68_08.png,8.322,3507
CASE68_09.png,10.16,4248
CASE68_10.png,12.262,5073
CASE68_11.png,14.339,6312
CASE68_12.png,17.861,7443
CASE68_13.png,23.027,9222
CASE68_14.png,27.305,11658
CASE68_15.png,32.41,13740
CASE68_16.png,39.394,16245
CASE68_17.png,46.069,19560
CASE68_18.png,55.564,22818
CASE68_19.png,67.041,26418
CASE68_20.png,80.652,31815
CASE68_21.png,97.7,37419
CASE68_22.png,118.717,43668
CASE68_23.png,146.281,51243
CASE68_24.png,172.357,60795
CASE68_25.png,228.559,69579
CASE68_26.png,261.068,85083
CASE68_27.png,282.527,95871
CASE68_28.png,325.34,98475
CASE69_01.png,0.951,729
CASE69_02.png,1.243,801
CASE69_03.png,1.535,957
CASE69_04.png,1.924,1131
CASE69_05.png,2.381,1308
CASE69_06.png,3.064,1611
CASE69_07.png,4.12,1926
CASE69_08.png,5.913,2607
CASE69_09.png,7.045,3456
CASE69_10.png,8.571,3981
CASE69_11.png,12.025,4827
CASE69_12.png,15.853,6636
CASE69_13.png,19.756,8589
CASE69_14.png,25.514,10566
CASE69_15.png,33.227,13416
CASE69_16.png,42.639,17136
CASE69_17.png,53.978,21528
CASE69_18.png,65.967,26490
CASE69_19.png,79.018,31314
CASE69_20.png,99.009,36621
CASE69_21.png,126.079,44664
CASE69_22.png,153.766,54669
CASE70_01.png,194.275,74727
CASE70_02.png,202.623,77316
CASE70_03.png,240.142,80544
CASE70_04.png,273.045,90327
CASE70_05.png,305.591,97860
CASE70_06.png,317.755,103716
CASE70_07.png,327.612,106575
CASE70_08.png,333.874,108132
CASE70_09.png,336.586,110358
CASE70_10.png,351.26,110727
CASE70_11.png,361.317,113622
CASE70_12.png,364.061,115698
CASE70_13.png,369.557,117096
CASE70_14.png,369.356,117996
CASE70_15.png,370.403,118143
CASE70_16.png,325.288,118452
CASE70_17.png,263.336,108660
CASE70_18.png,227.082,96882
CASE70_19.png,205.831,89643
CASE70_20.png,183.62,83913
CASE70_21.png,156.489,76002
CASE70_22.png,134.076,66234
CASE70_23.png,118.905,57393
CASE70_24.png,102.887,49713
CASE71_01.png,0.025,690
CASE71_02.png,0.027,702
CASE71_03.png,0.0,702
CASE71_04.png,0.0,711
CASE71_05.png,0.0,684
CASE71_06.png,0.0,630
CASE71_07.png,0.104,708
CASE71_08.png,0.214,636
CASE71_09.png,0.189,675
CASE71_10.png,0.203,690
CASE71_11.png,0.464,705
CASE71_12.png,0.44,792
CASE71_13.png,0.857,858
CASE71_14.png,0.823,993
CASE71_15.png,1.271,1119
CASE71_16.png,1.819,1431
CASE71_17.png,2.647,1671
CASE71_18.png,3.392,2052
CASE71_19.png,3.839,2376
CASE71_20.png,4.686,2754
CASE71_21.png,7.863,3411
CASE71_22.png,10.619,4875
CASE71_23.png,13.645,6204
CASE71_24.png,18.527,7914
CASE71_25.png,23.717,10413
CASE71_26.png,31.696,12894
CASE71_27.png,39.665,16737
CASE71_28.png,51.594,20427
CASE71_29.png,61.451,25506
CASE71_30.png,74.409,29940
CASE71_31.png,87.923,35547
CASE71_32.png,93.19,41097
CASE72_01.png,102.457,46659
CASE72_02.png,107.045,47436
CASE72_03.png,106.331,49236
CASE72_04.png,106.434,49254
CASE72_05.png,108.026,49494
CASE72_06.png,81.13,50538
CASE72_07.png,83.402,40140
CASE72_08.png,82.783,41316
CASE72_09.png,81.838,40947
CASE72_10.png,83.503,41610
CASE73_01.png,79.037,41559
CASE73_02.png,43.882,42006
CASE73_03.png,51.265,28263
CASE73_04.png,109.29,40206
CASE73_05.png,151.981,58056
CASE73_06.png,203.851,73581
CASE73_07.png,231.503,87204
CASE73_08.png,253.549,91614
CASE73_09.png,264.121,95415
CASE73_10.png,81.278,96018
CASE73_11.png,106.955,39762
CASE73_12.png,114.172,49479
CASE73_13.png,121.165,52290
CASE73_14.png,73.522,55269
CASE73_15.png,80.074,37113
CASE73_16.png,83.934,40068
CASE73_17.png,89.353,41637
CASE73_18.png,89.938,43431
CASE73_19.png,90.672,44640
CASE73_20.png,91.125,44568
CASE73_21.png,93.852,44949
CASE73_22.png,94.867,46383
CASE73_23.png,89.872,47064
CASE73_24.png,91.174,47172
CASE73_25.png,88.145,47550
CASE73_26.png,89.709,48213
CASE73_27.png,92.417,47739
CASE73_28.png,92.315,46833
CASE73_29.png,89.069,46497
CASE73_30.png,75.478,43779
CASE73_31.png,60.492,38160
CASE73_32.png,40.937,32151
CASE73_33.png,26.718,24774
CASE73_34.png,15.702,18033
CASE74_01.png,1.406,774
CASE74_02.png,2.13,1002
CASE74_03.png,2.803,1347
CASE74_04.png,3.321,1719
CASE74_05.png,4.791,2037
CASE74_06.png,6.531,2691
CASE74_07.png,8.36,3600
CASE74_08.png,11.216,4410
CASE74_09.png,14.992,5793
CASE74_10.png,19.122,7887
CASE74_11.png,24.574,9954
CASE74_12.png,32.828,12921
CASE74_13.png,42.638,16953
CASE74_14.png,56.133,21645
CASE74_15.png,73.969,27336
CASE74_16.png,92.697,34332
CASE74_17.png,112.762,41727
CASE74_18.png,138.516,49806
CASE74_19.png,166.882,58149
CASE74_20.png,178.519,67209
CASE74_21.png,187.932,70779
CASE74_22.png,198.023,73254
CASE74_23.png,206.349,77082
CASE74_24.png,211.002,79719
CASE74_25.png,211.497,81960
CASE74_26.png,214.116,82695
CASE74_27.png,214.293,83841
CASE75_01.png,210.872,83814
CASE75_02.png,209.824,83952
